{"frames": {

"0.png":
{
	"frame": {"x":188,"y":2,"w":48,"h":32},
	"rotated": false,
	"trimmed": false,
	"spriteSourceSize": {"x":0,"y":0,"w":48,"h":32},
	"sourceSize": {"w":48,"h":32},
	"pivot": {"x":0.5,"y":0.5}
},
"1.png":
{
	"frame": {"x":138,"y":2,"w":48,"h":32},
	"rotated": false,
	"trimmed": false,
	"spriteSourceSize": {"x":0,"y":0,"w":48,"h":32},
	"sourceSize": {"w":48,"h":32},
	"pivot": {"x":0.5,"y":0.5}
},
"2.png":
{
	"frame": {"x":238,"y":2,"w":48,"h":32},
	"rotated": false,
	"trimmed": false,
	"spriteSourceSize": {"x":0,"y":0,"w":48,"h":32},
	"sourceSize": {"w":48,"h":32},
	"pivot": {"x":0.5,"y":0.5}
},
"clouds.png":
{
	"frame": {"x":2,"y":198,"w":512,"h":512},
	"rotated": false,
	"trimmed": false,
	"spriteSourceSize": {"x":0,"y":0,"w":512,"h":512},
	"sourceSize": {"w":512,"h":512},
	"pivot": {"x":0.5,"y":0.5}
},
"finish.png":
{
	"frame": {"x":2,"y":68,"w":377,"h":128},
	"rotated": false,
	"trimmed": false,
	"spriteSourceSize": {"x":0,"y":0,"w":377,"h":128},
	"sourceSize": {"w":377,"h":128},
	"pivot": {"x":0.5,"y":0.5}
},
"green.png":
{
	"frame": {"x":70,"y":2,"w":32,"h":32},
	"rotated": false,
	"trimmed": false,
	"spriteSourceSize": {"x":0,"y":0,"w":32,"h":32},
	"sourceSize": {"w":32,"h":32},
	"pivot": {"x":0.5,"y":0.5}
},
"greenBlock.png":
{
	"frame": {"x":288,"y":2,"w":64,"h":64},
	"rotated": false,
	"trimmed": false,
	"spriteSourceSize": {"x":0,"y":0,"w":64,"h":64},
	"sourceSize": {"w":64,"h":64},
	"pivot": {"x":0.5,"y":0.5}
},
"pink.png":
{
	"frame": {"x":36,"y":2,"w":32,"h":32},
	"rotated": false,
	"trimmed": false,
	"spriteSourceSize": {"x":0,"y":0,"w":32,"h":32},
	"sourceSize": {"w":32,"h":32},
	"pivot": {"x":0.5,"y":0.5}
},
"violet.png":
{
	"frame": {"x":2,"y":2,"w":32,"h":32},
	"rotated": false,
	"trimmed": false,
	"spriteSourceSize": {"x":0,"y":0,"w":32,"h":32},
	"sourceSize": {"w":32,"h":32},
	"pivot": {"x":0.5,"y":0.5}
},
"yellow.png":
{
	"frame": {"x":104,"y":2,"w":32,"h":32},
	"rotated": false,
	"trimmed": false,
	"spriteSourceSize": {"x":0,"y":0,"w":32,"h":32},
	"sourceSize": {"w":32,"h":32},
	"pivot": {"x":0.5,"y":0.5}
}},
"meta": {
	"app": "http://www.codeandweb.com/texturepacker",
	"version": "1.0",
	"image": "pixiePerilousness.png",
	"format": "RGBA8888",
	"size": {"w":516,"h":712},
	"scale": "1",
	"smartupdate": "$TexturePacker:SmartUpdate:f3f91be71403592d969834ad5bc7af1f:ce74fa4c4f38312bd308dde2ff0b3670:62ade53eba9d10066f0416c055f3358c$"
}
}
